structure,d,b,load,n,buckets,trial,kind,p50_ns,p90_ns,p99_ns,p999_ns,max_ns,mean_ns,batch_mean_ns,mean_probes,max_probes
cuckoo_d2b1,2,1,0.1,104858,1048576,0,hit,40.0008953,50.0011192,80.0017907,170.003805,39219.6874,41.2600588,7.64732361,1.05252457,2
cuckoo_d2b1,2,1,0.1,104858,1048576,0,miss,40.0008953,50.0011192,70.0015668,160.003581,16940.3792,43.1909501,9.64756012,2,2
cuckoo_d2b1,2,1,0.1,104858,1048576,1,hit,40.0008953,40.0008953,70.0015668,140.003134,8340.18668,39.171924,7.73830414,1.05272102,2
cuckoo_d2b1,2,1,0.1,104858,1048576,1,miss,40.0008953,50.0011192,70.0015668,170.003805,39220.8779,45.4550036,10.4110718,2,2
cuckoo_d2b1,2,1,0.1,104858,1048576,2,hit,40.0008953,50.0011192,70.0015668,140.003134,10760.2408,40.4508871,7.91053772,1.05290985,2
cuckoo_d2b1,2,1,0.1,104858,1048576,2,miss,40.0008953,50.0011192,80.0017907,120.002686,37361.3124,45.9314364,9.77993011,2,2
cuckoo_d2b1,2,1,0.1,104858,1048576,3,hit,40.0008953,50.0011192,80.0017907,130.00291,15955.5952,40.8755296,7.74250031,1.05257034,2
cuckoo_d2b1,2,1,0.1,104858,1048576,3,miss,40.0008953,50.0011192,100.002238,200.004477,36110.8083,43.9828799,10.3013992,2,2
cuckoo_d2b1,2,1,0.1,104858,1048576,4,hit,40.0008953,50.0011192,70.0015668,170.003805,40001.1334,41.0357787,7.90748596,1.05231094,2
cuckoo_d2b1,2,1,0.1,104858,1048576,4,miss,40.0008953,50.0011192,80.0017907,190.004253,51501.1527,45.3015513,10.5066299,2,2
cuckoo_d2b1,2,1,0.2,209715,1048576,0,hit,40.0008953,60.001343,80.0017907,190.004253,42460.4742,43.3309826,9.12094116,1.10812759,2
cuckoo_d2b1,2,1,0.2,209715,1048576,0,miss,40.0008953,50.0011192,70.0015668,130.00291,37565.6027,44.7014714,10.6090546,2,2
cuckoo_d2b1,2,1,0.2,209715,1048576,1,hit,40.0008953,60.001343,80.0017907,180.004029,17715.6346,42.4788828,9.7454071,1.10769463,2
cuckoo_d2b1,2,1,0.2,209715,1048576,1,miss,40.0008953,50.0011192,70.0015668,160.003581,29250.4166,44.756501,9.95121002,2,2
cuckoo_d2b1,2,1,0.2,209715,1048576,2,hit,40.0008953,60.001343,80.0017907,190.004253,47511.0634,44.2660399,9.30213928,1.10877228,2
cuckoo_d2b1,2,1,0.2,209715,1048576,2,miss,40.0008953,50.0011192,90.0020145,210.004701,9960.93724,45.5792915,13.7756348,2,2
cuckoo_d2b1,2,1,0.2,209715,1048576,3,hit,40.0008953,60.001343,80.0017907,160.003581,8970.20078,46.7516305,13.3646011,1.10881805,2
cuckoo_d2b1,2,1,0.2,209715,1048576,3,miss,50.0011192,50.0011192,70.0015668,180.004029,18930.4237,48.0774959,10.9594345,2,2
cuckoo_d2b1,2,1,0.2,209715,1048576,4,hit,40.0008953,60.001343,80.0017907,130.00291,17740.3971,42.3185665,8.90483856,1.10826874,2
cuckoo_d2b1,2,1,0.2,209715,1048576,4,miss,40.0008953,50.0011192,70.0015668,160.003581,52821.1823,46.8143356,10.0435257,2,2
cuckoo_d2b1,2,1,0.3,314573,1048576,0,hit,40.0008953,60.001343,80.0017907,180.004029,13074.8165,43.6683611,10.3254318,1.1679306,2
cuckoo_d2b1,2,1,0.3,314573,1048576,0,miss,40.0008953,50.0011192,100.002238,200.004477,17360.3886,44.2988783,11.7134094,2,2
cuckoo_d2b1,2,1,0.3,314573,1048576,1,hit,40.0008953,60.001343,80.0017907,140.003134,10800.2417,44.058354,10.8568192,1.16754723,2
cuckoo_d2b1,2,1,0.3,314573,1048576,1,miss,40.0008953,50.0011192,60.001343,200.004477,20550.46,43.2994621,9.92088318,2,2
cuckoo_d2b1,2,1,0.3,314573,1048576,2,hit,40.0008953,60.001343,100.002238,220.004924,16600.3716,46.6414224,10.256958,1.16754723,2
cuckoo_d2b1,2,1,0.3,314573,1048576,2,miss,40.0008953,50.0011192,70.0015668,180.004029,16550.3704,43.9631016,10.6214523,2,2
cuckoo_d2b1,2,1,0.3,314573,1048576,3,hit,40.0008953,60.001343,90.0020145,200.004477,26022.011,45.5086304,10.1232529,1.16637611,2
cuckoo_d2b1,2,1,0.3,314573,1048576,3,miss,40.0008953,50.0011192,70.0015668,190.004253,18410.4121,43.9977194,10.3908539,2,2
cuckoo_d2b1,2,1,0.3,314573,1048576,4,hit,40.0008953,60.001343,90.0020145,170.003805,79346.5379,46.2384228,10.4818344,1.16838455,2
cuckoo_d2b1,2,1,0.3,314573,1048576,4,miss,40.0008953,50.0011192,60.001343,160.003581,6780.15176,42.686159,9.96131897,2,2
cuckoo_d2b1,2,1,0.4,419430,1048576,0,hit,40.0008953,60.001343,80.0017907,200.004477,35190.7877,45.441443,12.3126984,1.23662949,2
cuckoo_d2b1,2,1,0.4,419430,1048576,0,miss,40.0008953,50.0011192,120.002686,330.007387,3568785.36,55.4470379,12.1456146,2,2
cuckoo_d2b1,2,1,0.4,419430,1048576,1,hit,40.0008953,60.001343,70.0015668,140.003134,4890.10945,44.2460999,10.8011246,1.23710251,2
cuckoo_d2b1,2,1,0.4,419430,1048576,1,miss,40.0008953,50.0011192,80.0017907,170.003805,5449.64579,42.8418203,9.65652466,2,2
cuckoo_d2b1,2,1,0.4,419430,1048576,2,hit,40.0008953,60.001343,80.0017907,120.002686,12739.5709,44.5984709,10.9737396,1.23722267,2
cuckoo_d2b1,2,1,0.4,419430,1048576,2,miss,40.0008953,50.0011192,60.001343,130.00291,7610.17034,42.4729317,9.44080353,2,2
cuckoo_d2b1,2,1,0.4,419430,1048576,3,hit,40.0008953,60.001343,110.002462,220.004924,12515.2801,45.1819042,11.2968445,1.23608971,2
cuckoo_d2b1,2,1,0.4,419430,1048576,3,miss,40.0008953,50.0011192,60.001343,140.003134,101092.263,42.9046125,9.53903198,2,2
cuckoo_d2b1,2,1,0.4,419430,1048576,4,hit,40.0008953,60.001343,80.0017907,130.00291,16780.3756,44.9085733,10.8558655,1.23668098,2
cuckoo_d2b1,2,1,0.4,419430,1048576,4,miss,40.0008953,50.0011192,60.001343,120.002686,8160.89695,42.7784399,9.56420898,2,2
cuckoo_d2b1,2,1,0.45,471859,1048576,0,hit,40.0008953,70.0015668,90.0020145,170.003805,11920.743,47.0961504,12.0388031,1.27250671,2
cuckoo_d2b1,2,1,0.45,471859,1048576,0,miss,40.0008953,50.0011192,50.0011192,140.003134,17160.3841,42.2952582,9.39178467,2,2
cuckoo_d2b1,2,1,0.45,471859,1048576,1,hit,40.0008953,60.001343,70.0015668,130.00291,7200.16116,44.6125098,11.125946,1.27217293,2
cuckoo_d2b1,2,1,0.45,471859,1048576,1,miss,40.0008953,50.0011192,50.0011192,120.002686,6560.62304,41.7353244,9.36737061,2,2
cuckoo_d2b1,2,1,0.45,471859,1048576,2,hit,40.0008953,60.001343,70.0015668,170.003805,5350.11975,44.8091428,11.2216949,1.2724762,2
cuckoo_d2b1,2,1,0.45,471859,1048576,2,miss,40.0008953,50.0011192,50.0011192,170.003805,5710.12781,41.7550468,9.58919525,2,2
cuckoo_d2b1,2,1,0.45,471859,1048576,3,hit,40.0008953,60.001343,70.0015668,170.003805,5990.13408,44.148575,11.1574173,1.2717247,2
cuckoo_d2b1,2,1,0.45,471859,1048576,3,miss,40.0008953,50.0011192,50.0011192,170.003805,29530.661,41.8803243,9.49478149,2,2
cuckoo_d2b1,2,1,0.45,471859,1048576,4,hit,40.0008953,60.001343,70.0015668,170.003805,4360.09759,43.9634245,11.2014771,1.27253151,2
cuckoo_d2b1,2,1,0.45,471859,1048576,4,miss,40.0008953,50.0011192,50.0011192,150.003358,5020.11236,41.8603348,9.63420868,2,2
cuckoo_d2b4,2,4,0.1,104858,262144,0,hit,40.0008953,50.0011192,70.0015668,160.003581,16510.3695,39.8532256,9.47208405,1.2013588,7
cuckoo_d2b4,2,4,0.1,104858,262144,0,miss,40.0008953,50.0011192,60.001343,160.003581,5570.12468,43.1297228,12.5146866,8,8
cuckoo_d2b4,2,4,0.1,104858,262144,1,hit,40.0008953,40.0008953,50.0011192,150.003358,5180.11595,38.6827544,8.84857178,1.20148659,7
cuckoo_d2b4,2,4,0.1,104858,262144,1,miss,40.0008953,50.0011192,70.0015668,160.003581,5610.12557,44.3353468,12.8389359,8,8
cuckoo_d2b4,2,4,0.1,104858,262144,2,hit,40.0008953,50.0011192,70.0015668,150.003358,39841.1299,40.6487108,8.6353302,1.20179558,7
cuckoo_d2b4,2,4,0.1,104858,262144,2,miss,40.0008953,50.0011192,60.001343,120.002686,11140.4875,44.1663142,12.3252869,8,8
cuckoo_d2b4,2,4,0.1,104858,262144,3,hit,40.0008953,40.0008953,50.0011192,90.0020145,5740.12848,39.1159239,8.8596344,1.20023727,7
cuckoo_d2b4,2,4,0.1,104858,262144,3,miss,40.0008953,50.0011192,50.0011192,80.0017907,16670.3731,42.9642757,12.0885849,8,8
cuckoo_d2b4,2,4,0.1,104858,262144,4,hit,40.0008953,40.0008953,50.0011192,120.002686,27390.6131,38.6751258,8.54663849,1.20064163,7
cuckoo_d2b4,2,4,0.1,104858,262144,4,miss,40.0008953,50.0011192,80.0017907,160.003581,4940.11057,44.1079666,12.5322342,8,8
cuckoo_d2b4,2,4,0.2,209715,262144,0,hit,40.0008953,50.0011192,60.001343,160.003581,14250.319,39.9668103,10.9718323,1.39762497,8
cuckoo_d2b4,2,4,0.2,209715,262144,0,miss,40.0008953,50.0011192,50.0011192,150.003358,6260.14012,42.4788828,12.461853,8,8
cuckoo_d2b4,2,4,0.2,209715,262144,1,hit,40.0008953,50.0011192,100.002238,170.003805,14746.0443,41.6285405,12.2947693,1.39852524,8
cuckoo_d2b4,2,4,0.2,209715,262144,1,miss,40.0008953,50.0011192,50.0011192,160.003581,17170.3843,42.621651,12.3975754,8,8
cuckoo_d2b4,2,4,0.2,209715,262144,2,hit,40.0008953,50.0011192,60.001343,140.003134,15060.3371,40.3572723,11.1076355,1.39925766,8
cuckoo_d2b4,2,4,0.2,209715,262144,2,miss,40.0008953,50.0011192,60.001343,180.004029,5100.11416,43.1256601,12.7103806,8,8
cuckoo_d2b4,2,4,0.2,209715,262144,3,hit,40.0008953,50.0011192,60.001343,150.003358,3990.08931,39.3292838,11.0506058,1.399189,8
cuckoo_d2b4,2,4,0.2,209715,262144,3,miss,40.0008953,50.0011192,60.001343,170.003805,6190.13855,43.3464597,12.4065399,8,8
cuckoo_d2b4,2,4,0.2,209715,262144,4,hit,40.0008953,50.0011192,60.001343,150.003358,26400.5909,39.7460488,10.9760284,1.39875221,8
cuckoo_d2b4,2,4,0.2,209715,262144,4,miss,40.0008953,50.0011192,50.0011192,160.003581,14580.3263,42.51663,12.4584198,8,8
cuckoo_d2b4,2,4,0.3,314573,262144,0,hit,40.0008953,50.0011192,80.0017907,160.003581,6710.15019,41.2404708,13.6009216,1.60797119,8
cuckoo_d2b4,2,4,0.3,314573,262144,0,miss,40.0008953,50.0011192,60.001343,170.003805,6650.14885,42.9995243,12.4652863,8,8
cuckoo_d2b4,2,4,0.3,314573,262144,1,hit,40.0008953,50.0011192,80.0017907,160.003581,16940.3792,41.5295178,13.574028,1.60739136,8
cuckoo_d2b4,2,4,0.3,314573,262144,1,miss,40.0008953,50.0011192,60.001343,120.002686,5190.11617,43.386782,12.3643875,8,8
cuckoo_d2b4,2,4,0.3,314573,262144,2,hit,40.0008953,50.0011192,80.0017907,170.003805,37570.8409,41.8187337,13.6369705,1.60736465,8
cuckoo_d2b4,2,4,0.3,314573,262144,2,miss,40.0008953,50.0011192,50.0011192,170.003805,7340.16429,42.8420882,12.4074936,8,8
cuckoo_d2b4,2,4,0.3,314573,262144,3,hit,40.0008953,50.0011192,100.002238,180.004029,13710.7831,42.6069836,13.6806488,1.6065197,8
cuckoo_d2b4,2,4,0.3,314573,262144,3,miss,40.0008953,50.0011192,60.001343,150.003358,16070.5978,43.0065435,13.6659622,8,8
cuckoo_d2b4,2,4,0.3,314573,262144,4,hit,40.0008953,50.0011192,80.0017907,150.003358,38135.3774,42.3071876,13.3527756,1.60757828,8
cuckoo_d2b4,2,4,0.3,314573,262144,4,miss,40.0008953,50.0011192,70.0015668,180.004029,6280.14057,42.9448585,13.6798859,8,8
cuckoo_d2b4,2,4,0.4,419430,262144,0,hit,40.0008953,50.0011192,80.0017907,160.003581,38940.8716,42.7420456,15.2263641,1.82470322,8
cuckoo_d2b4,2,4,0.4,419430,262144,0,miss,40.0008953,50.0011192,70.0015668,180.004029,38680.8658,45.2595741,13.0605698,8,8
cuckoo_d2b4,2,4,0.4,419430,262144,1,hit,40.0008953,50.0011192,90.0020145,160.003581,33945.7598,44.7863803,15.2166367,1.82624054,8
cuckoo_d2b4,2,4,0.4,419430,262144,1,miss,40.0008953,50.0011192,70.0015668,170.003805,15660.3505,43.9859127,12.8755569,8,8
cuckoo_d2b4,2,4,0.4,419430,262144,2,hit,40.0008953,50.0011192,80.0017907,130.00291,15405.5829,44.8273447,15.4342651,1.82444,8
cuckoo_d2b4,2,4,0.4,419430,262144,2,miss,40.0008953,50.0011192,70.0015668,130.00291,13735.0693,44.3889949,12.7256393,8,8
cuckoo_d2b4,2,4,0.4,419430,262144,3,hit,50.0011192,60.001343,100.002238,160.003581,38290.8571,50.1106879,16.6904449,1.82356644,8
cuckoo_d2b4,2,4,0.4,419430,262144,3,miss,40.0008953,50.0011192,50.0011192,110.002462,5970.13363,42.420631,12.2875214,8,8
cuckoo_d2b4,2,4,0.4,419430,262144,4,hit,40.0008953,50.0011192,80.0017907,170.003805,68036.0467,45.1333039,15.2326584,1.82525063,8
cuckoo_d2b4,2,4,0.4,419430,262144,4,miss,40.0008953,50.0011192,60.001343,110.002462,14115.3159,44.343108,12.2303009,8,8
cuckoo_d2b4,2,4,0.45,471859,262144,0,hit,40.0008953,50.0011192,80.0017907,150.003358,9869.98282,44.4211408,15.9139633,1.94061852,8
cuckoo_d2b4,2,4,0.45,471859,262144,0,miss,40.0008953,50.0011192,60.001343,190.004253,6070.13587,44.1419373,12.399292,8,8
cuckoo_d2b4,2,4,0.45,471859,262144,1,hit,40.0008953,50.0011192,80.0017907,160.003581,4150.09289,42.4620977,15.9286499,1.94042778,8
cuckoo_d2b4,2,4,0.45,471859,262144,1,miss,40.0008953,50.0011192,50.0011192,170.003805,16360.3662,42.3859928,12.3538971,8,8
cuckoo_d2b4,2,4,0.45,471859,262144,2,hit,40.0008953,50.0011192,80.0017907,130.00291,5650.12647,42.7513346,16.0104752,1.93988419,8
cuckoo_d2b4,2,4,0.45,471859,262144,2,miss,40.0008953,50.0011192,120.002686,370.008282,5770.12915,49.4348528,13.3649826,8,8
cuckoo_d2b4,2,4,0.45,471859,262144,3,hit,40.0008953,50.0011192,80.0017907,140.003134,5450.12199,43.0130859,16.1245346,1.93829918,8
cuckoo_d2b4,2,4,0.45,471859,262144,3,miss,40.0008953,50.0011192,50.0011192,180.004029,5630.12602,42.6721587,12.6174927,8,8
cuckoo_d2b4,2,4,0.45,471859,262144,4,hit,40.0008953,50.0011192,80.0017907,160.003581,44901.005,44.2236967,16.0324097,1.93911934,8
cuckoo_d2b4,2,4,0.45,471859,262144,4,miss,40.0008953,50.0011192,60.001343,160.003581,5640.12624,43.8598722,12.4502182,8,8
cuckoo_d2b4,2,4,0.5,524288,262144,0,hit,40.0008953,50.0011192,80.0017907,120.002686,14020.3138,43.084861,16.5567398,2.06599998,8
cuckoo_d2b4,2,4,0.5,524288,262144,0,miss,40.0008953,50.0011192,60.001343,180.004029,15700.3514,42.8213158,12.6382828,8,8
cuckoo_d2b4,2,4,0.5,524288,262144,1,hit,40.0008953,50.0011192,80.0017907,170.003805,6660.14907,43.6760188,16.5233612,2.06641769,8
cuckoo_d2b4,2,4,0.5,524288,262144,1,miss,40.0008953,50.0011192,70.0015668,120.002686,29250.6547,44.5873127,12.713623,8,8
cuckoo_d2b4,2,4,0.5,524288,262144,2,hit,40.0008953,50.0011192,80.0017907,150.003358,14915.5719,44.3149281,16.8718338,2.06253052,8
cuckoo_d2b4,2,4,0.5,524288,262144,2,miss,40.0008953,50.0011192,60.001343,110.002462,14294.8438,43.8064271,12.364006,8,8
cuckoo_d2b4,2,4,0.5,524288,262144,3,hit,40.0008953,50.0011192,90.0020145,130.00291,34570.7738,45.402153,16.8743134,2.06356812,8
cuckoo_d2b4,2,4,0.5,524288,262144,3,miss,40.0008953,50.0011192,100.002238,180.004029,12645.9973,44.6543025,12.4505997,8,8
cuckoo_d2b4,2,4,0.5,524288,262144,4,hit,40.0008953,50.0011192,80.0017907,160.003581,5300.11863,43.9918065,16.8457031,2.06031799,8
cuckoo_d2b4,2,4,0.5,524288,262144,4,miss,40.0008953,50.0011192,50.0011192,160.003581,3900.0873,42.4383507,12.3855591,8,8
cuckoo_d2b4,2,4,0.6,629146,262144,0,hit,40.0008953,50.0011192,80.0017907,150.003358,5750.1287,45.4162273,17.6555634,2.33470154,8
cuckoo_d2b4,2,4,0.6,629146,262144,0,miss,40.0008953,50.0011192,60.001343,150.003358,17050.3816,43.1454016,12.6255035,8,8
cuckoo_d2b4,2,4,0.6,629146,262144,1,hit,40.0008953,50.0011192,100.002238,180.004029,18300.4096,46.1338642,18.2289124,2.34030342,8
cuckoo_d2b4,2,4,0.6,629146,262144,1,miss,40.0008953,50.0011192,70.0015668,120.002686,31390.7026,44.3763557,13.1069183,8,8
cuckoo_d2b4,2,4,0.6,629146,262144,2,hit,40.0008953,50.0011192,100.002238,220.004924,10340.2314,46.361435,18.0858612,2.33510208,8
cuckoo_d2b4,2,4,0.6,629146,262144,2,miss,40.0008953,50.0011192,110.002462,230.005148,38560.8631,44.9009455,12.36763,8,8
cuckoo_d2b4,2,4,0.6,629146,262144,3,hit,40.0008953,50.0011192,80.0017907,140.003134,5550.12423,44.593742,18.0635452,2.33737755,8
cuckoo_d2b4,2,4,0.6,629146,262144,3,miss,40.0008953,50.0011192,50.0011192,130.00291,15240.3411,42.7057098,12.3910904,8,8
cuckoo_d2b4,2,4,0.6,629146,262144,4,hit,40.0008953,50.0011192,80.0017907,150.003358,5770.12915,45.2837589,18.2516098,2.33704567,8
cuckoo_d2b4,2,4,0.6,629146,262144,4,miss,40.0008953,50.0011192,60.001343,120.002686,17850.3995,43.7021328,12.5076294,8,8
cuckoo_d2b4,2,4,0.7,734003,262144,0,hit,40.0008953,50.0011192,80.0017907,160.003581,6800.15221,45.0669648,19.6054459,2.65999985,8
cuckoo_d2b4,2,4,0.7,734003,262144,0,miss,40.0008953,50.0011192,70.0015668,110.002462,40840.9141,44.6988969,12.5553131,8,8
cuckoo_d2b4,2,4,0.7,734003,262144,1,hit,40.0008953,60.001343,80.0017907,120.002686,12360.991,47.0118568,19.8083878,2.6614151,8
cuckoo_d2b4,2,4,0.7,734003,262144,1,miss,40.0008953,50.0011192,110.002462,210.004701,5980.13385,45.0387927,13.4450912,8,8
cuckoo_d2b4,2,4,0.7,734003,262144,2,hit,50.0011192,60.001343,90.0020145,140.003134,36650.8204,48.8154738,19.3143845,2.65555573,8
cuckoo_d2b4,2,4,0.7,734003,262144,2,miss,40.0008953,50.0011192,70.0015668,140.003134,19195.6677,44.8281208,12.4471664,8,8
cuckoo_d2b4,2,4,0.7,734003,262144,3,hit,40.0008953,50.0011192,80.0017907,150.003358,5690.12736,45.2621482,19.3611145,2.66469193,8
cuckoo_d2b4,2,4,0.7,734003,262144,3,miss,40.0008953,50.0011192,50.0011192,120.002686,15390.3445,42.4452173,12.2922897,8,8
cuckoo_d2b4,2,4,0.7,734003,262144,4,hit,40.0008953,50.0011192,80.0017907,160.003581,6050.13542,45.7133607,19.3704605,2.65997887,8
cuckoo_d2b4,2,4,0.7,734003,262144,4,miss,40.0008953,50.0011192,70.0015668,170.003805,5930.13273,43.2989275,12.3109818,8,8
cuckoo_d2b4,2,4,0.8,838861,262144,0,hit,40.0008953,50.0011192,80.0017907,170.003805,8860.19832,45.3650129,20.3443527,3.08279991,8
cuckoo_d2b4,2,4,0.8,838861,262144,0,miss,40.0008953,50.0011192,60.001343,180.004029,6930.15512,43.026038,13.6171341,8,8
cuckoo_d2b4,2,4,0.8,838861,262144,1,hit,40.0008953,50.0011192,80.0017907,130.00291,17990.4027,46.3028209,19.9151993,3.08394432,8
cuckoo_d2b4,2,4,0.8,838861,262144,1,miss,40.0008953,50.0011192,50.0011192,80.0017907,6469.43052,42.7999535,12.2947693,8,8
cuckoo_d2b4,2,4,0.8,838861,262144,2,hit,40.0008953,50.0011192,70.0015668,110.002462,5560.12445,45.7324537,20.0422287,3.08989716,8
cuckoo_d2b4,2,4,0.8,838861,262144,2,miss,40.0008953,50.0011192,110.002462,280.006267,16030.3588,46.2177826,12.3649597,8,8
cuckoo_d2b4,2,4,0.8,838861,262144,3,hit,40.0008953,50.0011192,80.0017907,120.002686,16730.3745,46.0277941,20.0880051,3.09081841,8
cuckoo_d2b4,2,4,0.8,838861,262144,3,miss,40.0008953,50.0011192,50.0011192,190.004253,4870.10901,43.078929,12.3044968,8,8
cuckoo_d2b4,2,4,0.8,838861,262144,4,hit,50.0011192,60.001343,90.0020145,150.003358,14880.8093,48.0935535,20.4917908,3.0875988,8
cuckoo_d2b4,2,4,0.8,838861,262144,4,miss,40.0008953,50.0011192,100.002238,130.00291,6950.15556,44.5203256,12.6976013,8,8
cuckoo_d2b4,2,4,0.9,943718,262144,0,hit,40.0008953,50.0011192,70.0015668,130.00291,15890.3557,45.9770575,21.0201263,3.71458054,8
cuckoo_d2b4,2,4,0.9,943718,262144,0,miss,40.0008953,50.0011192,80.0017907,120.002686,7650.17123,44.6332431,12.7891541,8,8
cuckoo_d2b4,2,4,0.9,943718,262144,1,hit,50.0011192,50.0011192,80.0017907,140.003134,19560.4378,47.5481376,21.154213,3.7174263,8
cuckoo_d2b4,2,4,0.9,943718,262144,1,miss,40.0008953,50.0011192,80.0017907,130.00291,7209.68518,44.9584524,12.9850388,8,8
cuckoo_d2b4,2,4,0.9,943718,262144,2,hit,50.0011192,50.0011192,100.002238,150.003358,14264.605,47.9976998,21.6449738,3.7097702,8
cuckoo_d2b4,2,4,0.9,943718,262144,2,miss,40.0008953,50.0011192,120.002686,350.007834,13984.8368,48.5350037,12.8734589,8,8
cuckoo_d2b4,2,4,0.9,943718,262144,3,hit,40.0008953,50.0011192,70.0015668,140.003134,16150.3615,45.269835,20.8538055,3.70954895,8
cuckoo_d2b4,2,4,0.9,943718,262144,3,miss,40.0008953,50.0011192,50.0011192,140.003134,6910.15467,42.3225148,12.3485565,8,8
cuckoo_d2b4,2,4,0.9,943718,262144,4,hit,40.0008953,50.0011192,80.0017907,170.003805,36060.8071,46.4070789,20.8398819,3.71140289,8
cuckoo_d2b4,2,4,0.9,943718,262144,4,miss,40.0008953,50.0011192,50.0011192,160.003581,6660.14907,42.3779436,12.3147964,8,8
cuckoo_d2b4,2,4,0.95,996147,262144,0,hit,50.0011192,50.0011192,80.0017907,130.00291,17210.3852,47.6191975,20.9438324,4.17025948,8
cuckoo_d2b4,2,4,0.95,996147,262144,0,miss,40.0008953,50.0011192,70.0015668,120.002686,15259.1511,44.4832055,12.5984192,8,8
cuckoo_d2b4,2,4,0.95,996147,262144,1,hit,50.0011192,50.0011192,80.0017907,160.003581,19140.4284,46.8024439,20.7403183,4.1756115,8
cuckoo_d2b4,2,4,0.95,996147,262144,1,miss,40.0008953,50.0011192,60.001343,120.002686,5330.1193,43.1774458,12.3382568,8,8
cuckoo_d2b4,2,4,0.95,996147,262144,2,hit,50.0011192,50.0011192,110.002462,260.00582,13220.534,48.3759841,21.1250305,4.17177773,8
cuckoo_d2b4,2,4,0.95,996147,262144,2,miss,40.0008953,50.0011192,50.0011192,110.002462,16890.3781,43.2871398,12.3189926,8,8
cuckoo_d2b4,2,4,0.95,996147,262144,3,hit,40.0008953,50.0011192,70.0015668,120.002686,6680.14952,45.5329596,20.7000732,4.16974449,8
cuckoo_d2b4,2,4,0.95,996147,262144,3,miss,40.0008953,50.0011192,80.0017907,130.00291,16130.361,43.130028,12.5110626,8,8
cuckoo_d2b4,2,4,0.95,996147,262144,4,hit,50.0011192,60.001343,100.002238,200.004477,12785.0481,47.6433832,21.0798264,4.17197609,8
cuckoo_d2b4,2,4,0.95,996147,262144,4,miss,40.0008953,50.0011192,50.0011192,140.003134,3990.08931,43.5315911,12.3876572,8,8
baseline,0,0,0.1,104858,1048576,0,hit,50.0011192,60.001343,80.0017907,210.004701,9370.68593,52.8207022,8.9422226,1.05010986,4
baseline,0,0,0.1,104858,1048576,0,miss,40.0008953,50.0011192,70.0015668,170.003805,6010.13452,41.4896333,6.59275055,1.00478363,3
baseline,0,0,0.1,104858,1048576,1,hit,50.0011192,60.001343,90.0020145,250.005596,15670.3507,52.8397371,8.38565826,1.05044365,4
baseline,0,0,0.1,104858,1048576,1,miss,40.0008953,50.0011192,70.0015668,130.00291,4060.09088,40.9951803,6.52618408,1.00478363,3
baseline,0,0,0.1,104858,1048576,2,hit,50.0011192,60.001343,80.0017907,130.00291,41991.4161,53.201512,8.43811035,1.05013847,4
baseline,0,0,0.1,104858,1048576,2,miss,40.0008953,50.0011192,70.0015668,160.003581,6090.13631,41.0497126,6.42204285,1.00478363,3
baseline,0,0,0.1,104858,1048576,3,hit,50.0011192,60.001343,80.0017907,230.005148,15390.3445,52.3563278,8.40606689,1.04935265,4
baseline,0,0,0.1,104858,1048576,3,miss,40.0008953,50.0011192,70.0015668,150.003358,15510.3472,41.0342055,6.49776459,1.00478363,3
baseline,0,0,0.1,104858,1048576,4,hit,50.0011192,60.001343,80.0017907,190.004253,6640.14863,51.9291866,8.36448669,1.04985428,4
baseline,0,0,0.1,104858,1048576,4,miss,40.0008953,50.0011192,70.0015668,180.004029,15850.3548,41.2346723,6.60152435,1.00478363,3
baseline,0,0,0.2,209715,1048576,0,hit,60.001343,80.0017907,110.002462,210.004701,34950.7823,60.6030296,10.7337952,1.09972,5
baseline,0,0,0.2,209715,1048576,0,miss,40.0008953,70.0015668,140.003134,370.008282,19320.4324,49.4255829,10.7866287,1.01858711,4
baseline,0,0,0.2,209715,1048576,1,hit,60.001343,70.0015668,120.002686,210.004701,29010.6493,58.7778278,10.6689453,1.09969902,5
baseline,0,0,0.2,209715,1048576,1,miss,40.0008953,70.0015668,130.00291,350.007834,22940.5135,48.7751629,9.75265503,1.01858711,4
baseline,0,0,0.2,209715,1048576,2,hit,60.001343,70.0015668,130.00291,260.00582,21000.4701,59.9885539,11.0467911,1.10005379,5
baseline,0,0,0.2,209715,1048576,2,miss,40.0008953,100.002238,190.004253,390.00873,14814.3792,53.5416258,11.6743088,1.01858711,4
baseline,0,0,0.2,209715,1048576,3,hit,60.001343,80.0017907,130.00291,310.006939,171233.833,64.5340305,11.5175247,1.09954453,5
baseline,0,0,0.2,209715,1048576,3,miss,40.0008953,60.001343,120.002686,310.006939,15950.357,47.9442565,12.0246887,1.01858711,4
baseline,0,0,0.2,209715,1048576,4,hit,60.001343,80.0017907,120.002686,220.004924,118042.642,61.4406055,11.7172241,1.09932327,5
baseline,0,0,0.2,209715,1048576,4,miss,40.0008953,60.001343,130.00291,350.007834,19750.4421,48.24488,9.73110199,1.01858711,4
baseline,0,0,0.3,314573,1048576,0,hit,60.001343,80.0017907,140.003134,340.00761,18070.4045,64.7636137,13.5534286,1.15088081,6
baseline,0,0,0.3,314573,1048576,0,miss,40.0008953,70.0015668,130.00291,310.006939,18850.4219,48.4657454,11.9815826,1.04150963,6
baseline,0,0,0.3,314573,1048576,1,hit,60.001343,80.0017907,110.002462,280.006267,18610.4166,61.0365796,12.4160767,1.15115738,6
baseline,0,0,0.3,314573,1048576,1,miss,40.0008953,60.001343,120.002686,280.006267,17090.3825,47.5512848,11.0685349,1.04150963,6
baseline,0,0,0.3,314573,1048576,2,hit,60.001343,100.002238,160.003581,390.00873,16114.6464,69.0997817,14.3238068,1.1519928,6
baseline,0,0,0.3,314573,1048576,2,miss,40.0008953,70.0015668,140.003134,330.007387,6440.14415,50.8969827,12.4853134,1.04150963,6
baseline,0,0,0.3,314573,1048576,3,hit,60.001343,90.0020145,160.003581,380.008506,20550.46,68.3456078,15.6154633,1.15113068,6
baseline,0,0,0.3,314573,1048576,3,miss,40.0008953,80.0017907,160.003581,380.008506,15750.1144,54.0281668,14.0359879,1.04150963,6
baseline,0,0,0.3,314573,1048576,4,hit,60.001343,130.00291,260.00582,430.009625,13880.5488,78.0260775,15.2700424,1.15195274,6
baseline,0,0,0.3,314573,1048576,4,miss,40.0008953,80.0017907,160.003581,380.008506,28170.6305,52.9856907,12.2415543,1.04150963,6
baseline,0,0,0.4,419430,1048576,0,hit,60.001343,120.002686,220.004924,420.009401,16325.1273,76.9382064,15.6692505,1.19886017,6
baseline,0,0,0.4,419430,1048576,0,miss,40.0008953,70.0015668,140.003134,350.007834,27670.6193,53.21292,14.648819,1.07006264,6
baseline,0,0,0.4,419430,1048576,1,hit,60.001343,100.002238,170.003805,390.00873,100152.242,71.6868025,15.3535843,1.19795418,6
baseline,0,0,0.4,419430,1048576,1,miss,40.0008953,120.002686,240.005372,420.009401,154633.461,64.4723723,18.9519882,1.07006264,6
baseline,0,0,0.4,419430,1048576,2,hit,60.001343,130.00291,300.006715,450.010073,24790.5549,83.9689921,20.5673218,1.19990349,6
baseline,0,0,0.4,419430,1048576,2,miss,40.0008953,120.002686,230.005148,410.009177,10610.2375,61.5904098,16.9528961,1.07006264,6
baseline,0,0,0.4,419430,1048576,3,hit,70.0015668,140.003134,330.007387,460.010296,41875.223,88.4030388,19.446373,1.19881058,6
baseline,0,0,0.4,419430,1048576,3,miss,40.0008953,100.002238,190.004253,400.008953,8370.18735,57.5203428,15.8115387,1.07006264,6
baseline,0,0,0.4,419430,1048576,4,hit,60.001343,110.002462,180.004029,400.008953,6150.13766,71.6143425,15.196991,1.20015144,6
baseline,0,0,0.4,419430,1048576,4,miss,40.0008953,80.0017907,160.003581,380.008506,20580.4606,55.3407277,13.7397766,1.07006264,6
baseline,0,0,0.45,471859,1048576,0,hit,80.0017907,180.004029,380.008506,490.010968,145143.249,105.909125,24.0081787,1.22397423,6
baseline,0,0,0.45,471859,1048576,0,miss,50.0011192,110.002462,220.004924,410.009177,27110.6068,61.7201905,18.9123154,1.08744049,6
baseline,0,0,0.45,471859,1048576,1,hit,70.0015668,140.003134,320.007163,460.010296,8070.18063,88.4128142,21.2036133,1.22526741,6
baseline,0,0,0.45,471859,1048576,1,miss,40.0008953,70.0015668,140.003134,330.007387,20080.4495,52.134689,13.3720398,1.08744049,6
baseline,0,0,0.45,471859,1048576,2,hit,70.0015668,130.00291,270.006044,450.010073,38470.8611,83.756357,17.5785065,1.22623825,6
baseline,0,0,0.45,471859,1048576,2,miss,40.0008953,70.0015668,140.003134,330.007387,5780.12938,51.7672109,13.4263992,1.08744049,6
baseline,0,0,0.45,471859,1048576,3,hit,60.001343,90.0020145,150.003358,380.008506,16700.3738,68.2997732,16.1794662,1.22488785,6
baseline,0,0,0.45,471859,1048576,3,miss,50.0011192,130.00291,320.007163,510.011416,37290.8347,72.462321,28.0715942,1.08744049,6
baseline,0,0,0.45,471859,1048576,4,hit,70.0015668,130.00291,280.006267,450.010073,39770.8902,83.7154625,18.6239243,1.22509575,6
baseline,0,0,0.45,471859,1048576,4,miss,50.0011192,90.0020145,180.004029,400.008953,32050.7174,58.3104783,20.0735092,1.08744049,6
baseline,0,0,0.5,524288,1048576,0,hit,90.0020145,180.004029,390.00873,510.011416,231325.178,109.068717,25.8722305,1.25002098,6
baseline,0,0,0.5,524288,1048576,0,miss,50.0011192,80.0017907,150.003358,380.008506,18920.4235,55.7247246,15.2965546,1.10684395,6
baseline,0,0,0.5,524288,1048576,1,hit,60.001343,130.00291,260.00582,430.009625,18150.4063,81.5420855,17.5949097,1.24986649,6
baseline,0,0,0.5,524288,1048576,1,miss,50.0011192,80.0017907,150.003358,350.007834,18000.4029,55.9640632,13.9701843,1.10684395,6
baseline,0,0,0.5,524288,1048576,2,hit,60.001343,110.002462,190.004253,420.009401,6370.14258,72.1996446,18.013382,1.25081825,6
baseline,0,0,0.5,524288,1048576,2,miss,50.0011192,80.0017907,150.003358,370.008282,18720.419,55.5493568,15.6990051,1.10684395,6
baseline,0,0,0.5,524288,1048576,3,hit,60.001343,110.002462,190.004253,420.009401,18920.4235,74.3142744,17.5100327,1.24897766,6
baseline,0,0,0.5,524288,1048576,3,miss,50.0011192,80.0017907,160.003581,390.00873,46001.0296,56.7092437,15.2765274,1.10684395,6
baseline,0,0,0.5,524288,1048576,4,hit,60.001343,120.002686,200.004477,410.009177,20260.4535,73.7873762,16.8401718,1.25020218,6
baseline,0,0,0.5,524288,1048576,4,miss,40.0008953,70.0015668,130.00291,300.006715,6190.13855,52.222944,14.251709,1.10684395,6
baseline,0,0,0.6,629146,1048576,0,hit,60.001343,110.002462,190.004253,410.009177,16390.3669,73.6197347,17.5214767,1.29941559,7
baseline,0,0,0.6,629146,1048576,0,miss,50.0011192,80.0017907,160.003581,380.008506,8920.19966,57.9466248,17.2231674,1.14850044,7
baseline,0,0,0.6,629146,1048576,1,hit,60.001343,120.002686,200.004477,420.009401,6495.38348,76.8366373,19.1774368,1.29911613,7
baseline,0,0,0.6,629146,1048576,1,miss,50.0011192,90.0020145,170.003805,390.00873,19580.4383,62.0602271,16.8207169,1.14850044,7
baseline,0,0,0.6,629146,1048576,2,hit,60.001343,130.00291,240.005372,430.009625,7150.16004,78.6259702,18.8386917,1.29895782,7
baseline,0,0,0.6,629146,1048576,2,miss,50.0011192,110.002462,220.004924,410.009177,19240.4307,64.1001744,19.2588806,1.14850044,7
baseline,0,0,0.6,629146,1048576,3,hit,70.0015668,140.003134,290.006491,610.013654,21000.4701,88.295595,20.7403183,1.30017662,7
baseline,0,0,0.6,629146,1048576,3,miss,90.0020145,200.004477,410.009177,550.012311,43550.9748,104.077341,27.3668289,1.14850044,7
baseline,0,0,0.6,629146,1048576,4,hit,70.0015668,130.00291,260.00582,450.010073,19430.4349,82.911478,20.0775146,1.29987526,7
baseline,0,0,0.6,629146,1048576,4,miss,50.0011192,80.0017907,150.003358,340.00761,6460.1446,55.8099641,15.6579971,1.14850044,7
baseline,0,0,0.7,734003,1048576,0,hit,70.0015668,130.00291,240.005372,450.010073,6040.1352,80.1592458,22.39151,1.34990311,8
baseline,0,0,0.7,734003,1048576,0,miss,60.001343,150.003358,350.007834,500.011192,8663.76535,83.1072504,27.321434,1.1971302,8
baseline,0,0,0.7,734003,1048576,1,hit,70.0015668,130.00291,230.005148,430.009625,6940.15534,80.7075064,19.7160721,1.34970856,8
baseline,0,0,0.7,734003,1048576,1,miss,50.0011192,90.0020145,170.003805,390.00873,36005.5678,61.7790508,17.2920227,1.1971302,8
baseline,0,0,0.7,734003,1048576,2,hit,60.001343,120.002686,220.004924,430.009625,16610.3718,77.4723418,19.6779251,1.34934425,8
baseline,0,0,0.7,734003,1048576,2,miss,50.0011192,90.0020145,170.003805,400.008953,16760.3751,60.6757775,17.7087784,1.1971302,8
baseline,0,0,0.7,734003,1048576,3,hit,70.0015668,140.003134,290.006491,470.01052,16530.37,86.4241671,24.4098663,1.34908295,8
baseline,0,0,0.7,734003,1048576,3,miss,50.0011192,100.002238,190.004253,410.009177,18290.4094,64.0533647,18.9598083,1.1971302,8
baseline,0,0,0.7,734003,1048576,4,hit,70.0015668,140.003134,280.006267,460.010296,19860.4445,86.7713904,21.8011856,1.35032463,7
baseline,0,0,0.7,734003,1048576,4,miss,50.0011192,100.002238,180.004029,400.008953,18570.4157,62.60333,18.3176041,1.1971302,8
baseline,0,0,0.8,838861,1048576,0,hit,90.0020145,200.004477,410.009177,570.012759,46362.2282,117.216465,28.7847519,1.4008007,8
baseline,0,0,0.8,838861,1048576,0,miss,60.001343,140.003134,320.007163,470.01052,20950.4689,82.1772658,24.127388,1.24880219,8
baseline,0,0,0.8,838861,1048576,1,hit,80.0017907,150.003358,330.007387,490.010968,21200.4745,97.8388179,25.6336212,1.40126991,7
baseline,0,0,0.8,838861,1048576,1,miss,60.001343,130.00291,250.005596,450.010073,38590.8638,72.37419,22.1143723,1.24880219,8
baseline,0,0,0.8,838861,1048576,2,hit,80.0017907,160.003581,360.008058,500.011192,7310.16362,101.3006,24.353981,1.39895058,8
baseline,0,0,0.8,838861,1048576,2,miss,60.001343,130.00291,270.006044,450.010073,39625.6488,74.3645528,21.0664749,1.24880219,8
baseline,0,0,0.8,838861,1048576,3,hit,70.0015668,130.00291,250.005596,450.010073,40790.913,83.4298116,22.8752136,1.40057755,8
baseline,0,0,0.8,838861,1048576,3,miss,60.001343,130.00291,260.00582,440.009849,22660.5072,72.7548653,22.1132278,1.24880219,8
baseline,0,0,0.8,838861,1048576,4,hit,70.0015668,150.003358,340.00761,490.010968,37950.8494,95.2996413,27.4888992,1.40109444,8
baseline,0,0,0.8,838861,1048576,4,miss,60.001343,120.002686,230.005148,430.009625,15550.3481,69.7189105,20.7326889,1.24880219,8
baseline,0,0,0.9,943718,1048576,0,hit,80.0017907,160.003581,360.008058,520.011639,46081.2695,102.127674,28.153038,1.45213509,8
baseline,0,0,0.9,943718,1048576,0,miss,60.001343,160.003581,370.008282,530.011863,16935.141,89.8375974,30.0008774,1.30629158,8
baseline,0,0,0.9,943718,1048576,1,hit,80.0017907,170.003805,370.008282,520.011639,16750.3749,103.74826,27.7711868,1.45045853,8
baseline,0,0,0.9,943718,1048576,1,miss,60.001343,140.003134,330.007387,850.019026,20350.4555,79.7883917,23.0876923,1.30629158,8
baseline,0,0,0.9,943718,1048576,2,hit,80.0017907,150.003358,340.00761,500.011192,6950.15556,96.4790577,26.8516541,1.44838142,8
baseline,0,0,0.9,943718,1048576,2,miss,60.001343,130.00291,290.006491,460.010296,45335.7766,76.7303666,24.474144,1.30629158,8
baseline,0,0,0.9,943718,1048576,3,hit,80.0017907,170.003805,380.008506,520.011639,22140.4956,106.122313,29.1553497,1.45004463,8
baseline,0,0,0.9,943718,1048576,3,miss,60.001343,150.003358,320.007163,480.010744,37890.8481,84.1462459,26.0248184,1.30629158,8
baseline,0,0,0.9,943718,1048576,4,hit,120.002686,220.004924,440.009849,590.013206,19560.4378,128.422102,34.7564697,1.44906425,8
baseline,0,0,0.9,943718,1048576,4,miss,60.001343,140.003134,310.006939,490.010968,41660.9325,80.2962914,24.4602203,1.30629158,8
baseline,0,0,0.95,996147,1048576,0,hit,90.0020145,180.004029,390.00873,610.013654,77041.7244,110.774041,30.4876328,1.47416496,8
baseline,0,0,0.95,996147,1048576,0,miss,60.001343,150.003358,360.008058,1220.02731,52451.174,90.0515018,27.4923325,1.33603477,8
baseline,0,0,0.95,996147,1048576,1,hit,90.0020145,190.004253,400.008953,690.015445,65551.4672,116.712741,31.5542221,1.47606087,8
baseline,0,0,0.95,996147,1048576,1,miss,60.001343,160.003581,360.008058,500.011192,22050.4936,90.1154852,28.2592773,1.33603477,8
baseline,0,0,0.95,996147,1048576,2,hit,120.002686,230.005148,450.010073,620.013878,22970.5141,134.56291,34.65271,1.47400093,8
baseline,0,0,0.95,996147,1048576,2,miss,60.001343,140.003134,290.006491,470.01052,55881.2508,80.8410224,23.8693237,1.33603477,8
baseline,0,0,0.95,996147,1048576,3,hit,70.0015668,150.003358,310.006939,490.010968,5250.11751,90.9839405,25.9925842,1.47572708,8
baseline,0,0,0.95,996147,1048576,3,miss,60.001343,140.003134,290.006491,470.01052,6260.14012,76.9412478,23.833847,1.33603477,8
baseline,0,0,0.95,996147,1048576,4,hit,80.0017907,170.003805,370.008282,530.011863,17770.3978,103.146592,27.2638321,1.47480965,8
baseline,0,0,0.95,996147,1048576,4,miss,60.001343,140.003134,320.007163,490.010968,31020.6943,82.2615716,24.0240097,1.33603477,8
