d,b,slots,budget,budget_mult,seed,inserted,failure_load
2,1,1048576,320,1,1,522988,0.498760223
2,1,1048576,320,1,2,522093,0.497906685
2,1,1048576,320,1,3,533981,0.509243965
2,1,1048576,320,1,4,527763,0.503314018
2,1,1048576,320,1,5,530623,0.506041527
2,1,1048576,320,1,6,533760,0.509033203
2,1,1048576,320,1,7,515284,0.491413116
2,1,1048576,320,1,8,530376,0.505805969
2,1,1048576,320,1,9,528990,0.504484177
2,1,1048576,320,1,10,521539,0.497378349
2,1,1048576,320,1,11,525059,0.500735283
2,1,1048576,320,1,12,527423,0.502989769
2,1,1048576,320,1,13,525694,0.501340866
2,1,1048576,320,1,14,519499,0.495432854
2,1,1048576,320,1,15,528231,0.503760338
2,1,1048576,320,1,16,533436,0.508724213
2,1,1048576,320,1,17,525666,0.501314163
2,1,1048576,320,1,18,535645,0.510830879
2,1,1048576,320,1,19,520898,0.496767044
2,1,1048576,320,1,20,534137,0.509392738
2,1,1048576,1280,4,1,522988,0.498760223
2,1,1048576,1280,4,2,522093,0.497906685
2,1,1048576,1280,4,3,538968,0.513999939
2,1,1048576,1280,4,4,531206,0.506597519
2,1,1048576,1280,4,5,530735,0.506148338
2,1,1048576,1280,4,6,533760,0.509033203
2,1,1048576,1280,4,7,521650,0.497484207
2,1,1048576,1280,4,8,535019,0.510233879
2,1,1048576,1280,4,9,528990,0.504484177
2,1,1048576,1280,4,10,527371,0.502940178
2,1,1048576,1280,4,11,529801,0.505257607
2,1,1048576,1280,4,12,531235,0.506625175
2,1,1048576,1280,4,13,533097,0.508400917
2,1,1048576,1280,4,14,519499,0.495432854
2,1,1048576,1280,4,15,531874,0.507234573
2,1,1048576,1280,4,16,536153,0.511315346
2,1,1048576,1280,4,17,525666,0.501314163
2,1,1048576,1280,4,18,536556,0.511699677
2,1,1048576,1280,4,19,522527,0.49832058
2,1,1048576,1280,4,20,534640,0.509872437
2,4,1048576,320,1,1,998484,0.952228546
2,4,1048576,320,1,2,1001502,0.955106735
2,4,1048576,320,1,3,991968,0.946014404
2,4,1048576,320,1,4,997513,0.951302528
2,4,1048576,320,1,5,994955,0.948863029
2,4,1048576,320,1,6,1003209,0.956734657
2,4,1048576,320,1,7,1000178,0.95384407
2,4,1048576,320,1,8,999099,0.952815056
2,4,1048576,320,1,9,999507,0.953204155
2,4,1048576,320,1,10,1003456,0.956970215
2,4,1048576,320,1,11,1000630,0.954275131
2,4,1048576,320,1,12,1003022,0.95655632
2,4,1048576,320,1,13,1001231,0.954848289
2,4,1048576,320,1,14,1004051,0.957537651
2,4,1048576,320,1,15,999132,0.952846527
2,4,1048576,320,1,16,999577,0.953270912
2,4,1048576,320,1,17,995182,0.949079514
2,4,1048576,320,1,18,1003922,0.957414627
2,4,1048576,320,1,19,991008,0.945098877
2,4,1048576,320,1,20,993685,0.947651863
2,4,1048576,1280,4,1,1017278,0.970151901
2,4,1048576,1280,4,2,1017487,0.970351219
2,4,1048576,1280,4,3,1016052,0.968982697
2,4,1048576,1280,4,4,1015779,0.968722343
2,4,1048576,1280,4,5,1017221,0.970097542
2,4,1048576,1280,4,6,1018946,0.97174263
2,4,1048576,1280,4,7,1015921,0.968857765
2,4,1048576,1280,4,8,1017051,0.969935417
2,4,1048576,1280,4,9,1016369,0.969285011
2,4,1048576,1280,4,10,1017048,0.969932556
2,4,1048576,1280,4,11,1015409,0.968369484
2,4,1048576,1280,4,12,1017280,0.970153809
2,4,1048576,1280,4,13,1017376,0.970245361
2,4,1048576,1280,4,14,1017047,0.969931602
2,4,1048576,1280,4,15,1018480,0.971298218
2,4,1048576,1280,4,16,1016404,0.96931839
2,4,1048576,1280,4,17,1016714,0.969614029
2,4,1048576,1280,4,18,1017919,0.970763206
2,4,1048576,1280,4,19,1017287,0.970160484
2,4,1048576,1280,4,20,1016199,0.969122887
2,4,1048576,5120,16,1,1023037,0.975644112
2,4,1048576,5120,16,2,1023672,0.976249695
2,4,1048576,5120,16,3,1024377,0.976922035
2,4,1048576,5120,16,4,1024342,0.976888657
2,4,1048576,5120,16,5,1023675,0.976252556
2,4,1048576,5120,16,6,1024897,0.977417946
2,4,1048576,5120,16,7,1023529,0.976113319
2,4,1048576,5120,16,8,1024193,0.976746559
2,4,1048576,5120,16,9,1023484,0.976070404
2,4,1048576,5120,16,10,1023654,0.976232529
2,4,1048576,5120,16,11,1022201,0.97484684
2,4,1048576,5120,16,12,1023938,0.976503372
2,4,1048576,5120,16,13,1024710,0.977239609
2,4,1048576,5120,16,14,1023811,0.976382256
2,4,1048576,5120,16,15,1023865,0.976433754
2,4,1048576,5120,16,16,1022692,0.975315094
2,4,1048576,5120,16,17,1024599,0.977133751
2,4,1048576,5120,16,18,1023915,0.976481438
2,4,1048576,5120,16,19,1024255,0.976805687
2,4,1048576,5120,16,20,1024221,0.976773262
